stock_id,weight
000157,0.204823
300502,0.200436
601225,0.199611
002463,0.197972
603296,0.197157
